{"stats":{"minecraft:picked_up":{"minecraft:crafting_table":2,"minecraft:sandstone":6,"minecraft:leather":5,"minecraft:torch":3,"minecraft:porkchop":10,"minecraft:sand":3,"minecraft:oak_log":3,"minecraft:gunpowder":4,"minecraft:dirt":11,"minecraft:bone":1,"minecraft:arrow":1,"minecraft:rotten_flesh":3,"minecraft:beef":13,"minecraft:sugar_cane":30,"minecraft:coal":20,"minecraft:cobblestone":25,"minecraft:furnace":1},"minecraft:killed":{"minecraft:skeleton":2,"minecraft:zombie":3,"minecraft:pig":5,"minecraft:creeper":2,"minecraft:cow":5},"minecraft:custom":{"minecraft:time_since_rest":14639,"minecraft:interact_with_furnace":7,"minecraft:sprint_one_cm":8971,"minecraft:damage_taken":60,"minecraft:walk_one_cm":74672,"minecraft:mob_kills":17,"minecraft:damage_dealt":2031,"minecraft:swim_one_cm":3894,"minecraft:interact_with_crafting_table":3,"minecraft:fly_one_cm":16563,"minecraft:crouch_one_cm":325,"minecraft:play_time":14639,"minecraft:sneak_time":246,"minecraft:walk_under_water_one_cm":2215,"minecraft:jump":203,"minecraft:leave_game":1,"minecraft:time_since_death":14639,"minecraft:walk_on_water_one_cm":1777,"minecraft:total_world_time":14639,"minecraft:fall_one_cm":3350},"minecraft:mined":{"minecraft:furnace":1,"minecraft:birch_leaves":3,"minecraft:crafting_table":2,"minecraft:torch":3,"minecraft:grass":2,"minecraft:grass_block":2,"minecraft:oak_log":3,"minecraft:coal_ore":20,"minecraft:sand":3,"minecraft:dirt":9,"minecraft:cobblestone":2,"minecraft:stone":23,"minecraft:sugar_cane":12,"minecraft:sandstone":6},"minecraft:used":{"minecraft:stone_pickaxe":38,"minecraft:wooden_pickaxe":23,"minecraft:sandstone":6,"minecraft:torch":3,"minecraft:stone_axe":43,"minecraft:dirt":11,"minecraft:cobblestone":3,"minecraft:crafting_table":2,"minecraft:furnace":1,"minecraft:cooked_porkchop":1},"minecraft:crafted":{"minecraft:cooked_beef":4,"minecraft:oak_planks":12,"minecraft:book":3,"minecraft:paper":9,"minecraft:cooked_porkchop":3,"minecraft:crafting_table":1,"minecraft:stick":8,"minecraft:wooden_pickaxe":1,"minecraft:stone_pickaxe":1,"minecraft:furnace":1,"minecraft:torch":4,"minecraft:stone_axe":1,"minecraft:air":0}},"DataVersion":3465}